title,subtitle,authors,categories,publisher,publication_year,isbn_10,isbn_13,language,page_count,edition,average_rating,ratings_count,copies,cover_image_path,description,source,source_identifier,source_url
Clean Code,A Handbook of Agile Software Craftsmanship,Robert C. Martin,Computer Science; Software Engineering; Programming,Prentice Hall,2008,0132350882,9780132350884,en,464,1st Edition,4.18,145000,3,https://covers.openlibrary.org/b/isbn/9780132350884-L.jpg,"Even bad code can function. But if code isn't clean, it can bring a development organization to its knees. This book presents principles, patterns, and practices for writing clean code.",Open Library,9780132350884,https://openlibrary.org/isbn/9780132350884
The Pragmatic Programmer,Your Journey to Mastery,David Thomas; Andrew Hunt,Computer Science; Software Engineering; Programming,Addison-Wesley,2019,0135957052,9780135957059,en,352,20th Anniversary Edition,4.31,60000,2,https://covers.openlibrary.org/b/isbn/9780135957059-L.jpg,"A guide to modern software development practices, from personal responsibility and career development to architectural techniques for keeping code flexible.",Open Library,9780135957059,https://openlibrary.org/isbn/9780135957059
Design Patterns,Elements of Reusable Object-Oriented Software,Erich Gamma; Richard Helm; Ralph Johnson; John Vlissides,Computer Science; Software Engineering; Programming,Addison-Wesley,1994,0201633612,9780201633610,en,395,1st Edition,4.27,60000,2,https://covers.openlibrary.org/b/isbn/9780201633610-L.jpg,The classic 'Gang of Four' catalog of twenty-three reusable object-oriented design patterns.,Open Library,9780201633610,https://openlibrary.org/isbn/9780201633610
Refactoring,Improving the Design of Existing Code,Martin Fowler,Computer Science; Software Engineering; Programming,Addison-Wesley,2018,0134757599,9780134757599,en,448,2nd Edition,4.32,30000,2,https://covers.openlibrary.org/b/isbn/9780134757599-L.jpg,A catalog of refactorings with motivation and mechanics for improving the design of existing code without changing its behavior.,Open Library,9780134757599,https://openlibrary.org/isbn/9780134757599
Code Complete,A Practical Handbook of Software Construction,Steve McConnell,Computer Science; Software Engineering; Programming,Microsoft Press,2004,0735619670,9780735619678,en,960,2nd Edition,4.27,30000,2,https://covers.openlibrary.org/b/isbn/9780735619678-L.jpg,"Practical, hands-on advice for the whole life cycle of software construction, from design through testing.",Open Library,9780735619678,https://openlibrary.org/isbn/9780735619678
The Mythical Man-Month,Essays on Software Engineering,Frederick P. Brooks Jr.,Computer Science; Software Engineering; Project Management,Addison-Wesley,1995,0201835959,9780201835953,en,322,Anniversary Edition,4.16,25000,2,https://covers.openlibrary.org/b/isbn/9780201835953-L.jpg,"Classic essays on software project management, exploring why adding manpower to a late project makes it later.",Open Library,9780201835953,https://openlibrary.org/isbn/9780201835953
Structure and Interpretation of Computer Programs,,Harold Abelson; Gerald Jay Sussman; Julie Sussman,Computer Science; Programming; Education,MIT Press,1996,0262510871,9780262510875,en,657,2nd Edition,4.42,10000,2,https://covers.openlibrary.org/b/isbn/9780262510875-L.jpg,A foundational text on programming and computer science using the Scheme programming language.,Open Library,9780262510875,https://openlibrary.org/isbn/9780262510875
Introduction to Algorithms,,Thomas H. Cormen; Charles E. Leiserson; Ronald L. Rivest; Clifford Stein,Computer Science; Algorithms; Programming,MIT Press,2009,0262033844,9780262033848,en,1312,3rd Edition,4.36,20000,3,https://covers.openlibrary.org/b/isbn/9780262033848-L.jpg,"The comprehensive reference known as CLRS, covering algorithm design, analysis, and a broad range of algorithms in depth.",Open Library,9780262033848,https://openlibrary.org/isbn/9780262033848
Cracking the Coding Interview,189 Programming Questions and Solutions,Gayle Laakmann McDowell,Computer Science; Programming; Career,CareerCup,2015,0984782850,9780984782857,en,687,6th Edition,4.26,45000,3,https://covers.openlibrary.org/b/isbn/9780984782857-L.jpg,A guide to technical interview preparation with worked solutions to common coding interview problems.,Open Library,9780984782857,https://openlibrary.org/isbn/9780984782857
Effective Java,,Joshua Bloch,Computer Science; Programming; Java,Addison-Wesley,2018,0134685997,9780134685991,en,412,3rd Edition,4.5,15000,2,https://covers.openlibrary.org/b/isbn/9780134685991-L.jpg,"Best practices for the Java platform, covering language features, libraries, and idioms for robust, maintainable code.",Open Library,9780134685991,https://openlibrary.org/isbn/9780134685991
Clean Architecture,A Craftsman's Guide to Software Structure and Design,Robert C. Martin,Computer Science; Software Engineering; Programming,Prentice Hall,2017,0134494164,9780134494166,en,432,1st Edition,4.23,25000,2,https://covers.openlibrary.org/b/isbn/9780134494166-L.jpg,"Principles for structuring software systems so they remain flexible, testable, and maintainable over time.",Open Library,9780134494166,https://openlibrary.org/isbn/9780134494166
The Clean Coder,A Code of Conduct for Professional Programmers,Robert C. Martin,Computer Science; Software Engineering; Career,Prentice Hall,2011,0137081073,9780137081073,en,256,1st Edition,4.17,15000,2,https://covers.openlibrary.org/b/isbn/9780137081073-L.jpg,"A guide to professionalism in software development, covering conduct, estimating, and handling pressure.",Open Library,9780137081073,https://openlibrary.org/isbn/9780137081073
You Don't Know JS: Up & Going,,Kyle Simpson,Computer Science; Programming; JavaScript,O'Reilly Media,2015,1491924462,9781491924464,en,88,1st Edition,4.3,8000,2,https://covers.openlibrary.org/b/isbn/9781491924464-L.jpg,"An accessible introduction to JavaScript fundamentals, part of the You Don't Know JS book series.",Open Library,9781491924464,https://openlibrary.org/isbn/9781491924464
Eloquent JavaScript,A Modern Introduction to Programming,Marijn Haverbeke,Computer Science; Programming; JavaScript,No Starch Press,2018,1593279507,9781593279509,en,472,3rd Edition,4.36,12000,3,https://covers.openlibrary.org/b/isbn/9781593279509-L.jpg,"A modern, thorough introduction to JavaScript, browser programming, and Node.js.",Open Library,9781593279509,https://openlibrary.org/isbn/9781593279509
Python Crash Course,"A Hands-On, Project-Based Introduction to Programming",Eric Matthes,Computer Science; Programming; Python,No Starch Press,2019,1593279280,9781593279288,en,544,2nd Edition,4.53,25000,3,https://covers.openlibrary.org/b/isbn/9781593279288-L.jpg,"A fast-paced, thorough introduction to Python covering the basics and three hands-on projects.",Open Library,9781593279288,https://openlibrary.org/isbn/9781593279288
Fluent Python,"Clear, Concise, and Effective Programming",Luciano Ramalho,Computer Science; Programming; Python,O'Reilly Media,2022,1492056359,9781492056355,en,1012,2nd Edition,4.55,8000,2,https://covers.openlibrary.org/b/isbn/9781492056355-L.jpg,"An in-depth guide to writing idiomatic, effective Python by leveraging its best features.",Open Library,9781492056355,https://openlibrary.org/isbn/9781492056355
Automate the Boring Stuff with Python,Practical Programming for Total Beginners,Al Sweigart,Computer Science; Programming; Python,No Starch Press,2019,1593279922,9781593279929,en,592,2nd Edition,4.51,25000,3,https://covers.openlibrary.org/b/isbn/9781593279929-L.jpg,A practical guide to writing Python programs that automate everyday tasks.,Open Library,9781593279929,https://openlibrary.org/isbn/9781593279929
Learning Python,,Mark Lutz,Computer Science; Programming; Python,O'Reilly Media,2013,1449355730,9781449355739,en,1600,5th Edition,4.15,7000,2,https://covers.openlibrary.org/b/isbn/9781449355739-L.jpg,"A comprehensive, in-depth introduction to the Python language for programmers of all backgrounds.",Open Library,9781449355739,https://openlibrary.org/isbn/9781449355739
Head First Design Patterns,A Brain-Friendly Guide,Eric Freeman; Elisabeth Robson,Computer Science; Software Engineering; Programming,O'Reilly Media,2020,149207800X,9781492078005,en,720,2nd Edition,4.36,15000,2,https://covers.openlibrary.org/b/isbn/9781492078005-L.jpg,"A visually rich, brain-friendly introduction to object-oriented design patterns.",Open Library,9781492078005,https://openlibrary.org/isbn/9781492078005
Working Effectively with Legacy Code,,Michael C. Feathers,Computer Science; Software Engineering; Programming,Prentice Hall,2004,0131177052,9780131177055,en,456,1st Edition,4.42,10000,2,https://covers.openlibrary.org/b/isbn/9780131177055-L.jpg,"Techniques for understanding, testing, and safely modifying large, untested legacy codebases.",Open Library,9780131177055,https://openlibrary.org/isbn/9780131177055
Domain-Driven Design,Tackling Complexity in the Heart of Software,Eric Evans,Computer Science; Software Engineering; Programming,Addison-Wesley,2003,0321125215,9780321125217,en,560,1st Edition,4.13,15000,2,https://covers.openlibrary.org/b/isbn/9780321125217-L.jpg,A framework for tackling complex software design by aligning models closely with business domains.,Open Library,9780321125217,https://openlibrary.org/isbn/9780321125217
Continuous Delivery,"Reliable Software Releases through Build, Test, and Deployment Automation",Jez Humble; David Farley,Computer Science; Software Engineering; DevOps,Addison-Wesley,2010,0321601912,9780321601919,en,512,1st Edition,4.19,8000,2,https://covers.openlibrary.org/b/isbn/9780321601919-L.jpg,"Practices and principles for automating build, test, and deployment pipelines to enable reliable software releases.",Open Library,9780321601919,https://openlibrary.org/isbn/9780321601919
The Phoenix Project,"A Novel About IT, DevOps, and Helping Your Business Win",Gene Kim; Kevin Behr; George Spafford,Computer Science; Software Engineering; DevOps,IT Revolution Press,2013,0988262592,9780988262591,en,432,1st Edition,4.32,40000,2,https://covers.openlibrary.org/b/isbn/9780988262591-L.jpg,A business novel illustrating DevOps principles through the story of an IT organization in crisis.,Open Library,9780988262591,https://openlibrary.org/isbn/9780988262591
Site Reliability Engineering,How Google Runs Production Systems,Betsy Beyer; Chris Jones; Jennifer Petoff; Niall Richard Murphy,Computer Science; Software Engineering; DevOps,O'Reilly Media,2016,149192912X,9781491929124,en,552,1st Edition,4.36,10000,2,https://covers.openlibrary.org/b/isbn/9781491929124-L.jpg,"How Google approaches building, running, and maintaining large-scale, reliable production systems.",Open Library,9781491929124,https://openlibrary.org/isbn/9781491929124
Designing Data-Intensive Applications,"The Big Ideas Behind Reliable, Scalable, and Maintainable Systems",Martin Kleppmann,Computer Science; Software Engineering; Databases,O'Reilly Media,2017,1449373321,9781449373320,en,616,1st Edition,4.47,25000,3,https://covers.openlibrary.org/b/isbn/9781449373320-L.jpg,"An exploration of the architecture and trade-offs behind modern data systems, from databases to distributed processing.",Open Library,9781449373320,https://openlibrary.org/isbn/9781449373320
Database System Concepts,,Abraham Silberschatz; Henry F. Korth; S. Sudarshan,Computer Science; Databases; Education,McGraw-Hill,2019,0078022159,9780078022159,en,1376,7th Edition,4.11,8000,2,https://covers.openlibrary.org/b/isbn/9780078022159-L.jpg,A comprehensive textbook covering the concepts and techniques underlying modern database systems.,Open Library,9780078022159,https://openlibrary.org/isbn/9780078022159
Computer Networking: A Top-Down Approach,,James F. Kurose; Keith W. Ross,Computer Science; Networking; Education,Pearson,2016,0133594149,9780133594140,en,864,7th Edition,4.15,10000,2,https://covers.openlibrary.org/b/isbn/9780133594140-L.jpg,An accessible introduction to computer networking that starts from the application layer and works down the protocol stack.,Open Library,9780133594140,https://openlibrary.org/isbn/9780133594140
Operating System Concepts,,Abraham Silberschatz; Peter B. Galvin; Greg Gagne,Computer Science; Operating Systems; Education,Wiley,2018,1119456339,9781119456339,en,1088,10th Edition,4.03,10000,2,https://covers.openlibrary.org/b/isbn/9781119456339-L.jpg,"A foundational textbook covering process management, memory management, storage, and security in operating systems.",Open Library,9781119456339,https://openlibrary.org/isbn/9781119456339
Computer Organization and Design,The Hardware/Software Interface,David A. Patterson; John L. Hennessy,Computer Science; Computer Architecture; Education,Morgan Kaufmann,2017,0128122757,9780128122754,en,712,5th Edition,4.29,6000,2,https://covers.openlibrary.org/b/isbn/9780128122754-L.jpg,"An introduction to computer architecture, covering the interface between hardware and software design.",Open Library,9780128122754,https://openlibrary.org/isbn/9780128122754
Artificial Intelligence: A Modern Approach,,Stuart Russell; Peter Norvig,Computer Science; Artificial Intelligence; Education,Pearson,2020,0134610997,9780134610993,en,1136,4th Edition,4.29,10000,3,https://covers.openlibrary.org/b/isbn/9780134610993-L.jpg,"The standard comprehensive textbook on artificial intelligence, covering search, logic, learning, and more.",Open Library,9780134610993,https://openlibrary.org/isbn/9780134610993
Deep Learning,,Ian Goodfellow; Yoshua Bengio; Aaron Courville,Computer Science; Artificial Intelligence; Machine Learning,MIT Press,2016,0262035618,9780262035613,en,800,1st Edition,4.42,10000,3,https://covers.openlibrary.org/b/isbn/9780262035613-L.jpg,"A comprehensive, mathematically rigorous introduction to deep learning, from linear algebra foundations to advanced research topics.",Open Library,9780262035613,https://openlibrary.org/isbn/9780262035613
Pattern Recognition and Machine Learning,,Christopher M. Bishop,Computer Science; Machine Learning; Statistics,Springer,2006,0387310738,9780387310732,en,738,1st Edition,4.34,7000,2,https://covers.openlibrary.org/b/isbn/9780387310732-L.jpg,A graduate-level introduction to pattern recognition and machine learning from a Bayesian perspective.,Open Library,9780387310732,https://openlibrary.org/isbn/9780387310732
"Hands-On Machine Learning with Scikit-Learn, Keras, and TensorFlow","Concepts, Tools, and Techniques to Build Intelligent Systems",Aurelien Geron,Computer Science; Machine Learning; Artificial Intelligence,O'Reilly Media,2022,1098125975,9781098125974,en,848,3rd Edition,4.57,15000,3,https://covers.openlibrary.org/b/isbn/9781098125974-L.jpg,A practical guide to building machine learning and deep learning systems using popular Python libraries.,Open Library,9781098125974,https://openlibrary.org/isbn/9781098125974
Deep Learning with Python,,Francois Chollet,Computer Science; Machine Learning; Artificial Intelligence,Manning Publications,2021,1617296864,9781617296864,en,504,2nd Edition,4.53,6000,2,https://covers.openlibrary.org/b/isbn/9781617296864-L.jpg,"An accessible introduction to deep learning using Keras, written by its creator.",Open Library,9781617296864,https://openlibrary.org/isbn/9781617296864
Machine Learning Yearning,"Technical Strategy for AI Engineers, in the Era of Deep Learning",Andrew Ng,Computer Science; Machine Learning; Artificial Intelligence,deeplearning.ai,2018,,,en,118,1st Edition,4.35,3000,1,,Practical strategy advice for structuring machine learning projects and diagnosing model performance issues.,Compiled,N/A,
The Hundred-Page Machine Learning Book,,Andriy Burkov,Computer Science; Machine Learning; Artificial Intelligence,Andriy Burkov,2019,199957950X,9781999579500,en,160,1st Edition,4.35,4000,2,https://covers.openlibrary.org/b/isbn/9781999579500-L.jpg,"A concise, practical overview of the most important machine learning concepts and algorithms.",Open Library,9781999579500,https://openlibrary.org/isbn/9781999579500
Speech and Language Processing,"An Introduction to Natural Language Processing, Computational Linguistics, and Speech Recognition",Daniel Jurafsky; James H. Martin,Computer Science; Artificial Intelligence; Natural Language Processing,Pearson,2008,0131873210,9780131873216,en,1024,2nd Edition,4.29,3000,2,https://covers.openlibrary.org/b/isbn/9780131873216-L.jpg,A comprehensive textbook covering the theory and algorithms behind natural language processing and speech technology.,Open Library,9780131873216,https://openlibrary.org/isbn/9780131873216
Reinforcement Learning: An Introduction,,Richard S. Sutton; Andrew G. Barto,Computer Science; Artificial Intelligence; Machine Learning,MIT Press,2018,0262039249,9780262039246,en,552,2nd Edition,4.44,6000,2,https://covers.openlibrary.org/b/isbn/9780262039246-L.jpg,"The definitive introduction to reinforcement learning, covering foundational algorithms and modern developments.",Open Library,9780262039246,https://openlibrary.org/isbn/9780262039246
Computer Vision: Algorithms and Applications,,Richard Szeliski,Computer Science; Computer Vision; Artificial Intelligence,Springer,2022,3030343715,9783030343712,en,925,2nd Edition,4.38,1500,2,https://covers.openlibrary.org/b/isbn/9783030343712-L.jpg,"A comprehensive survey of computer vision algorithms, applications, and the mathematics underlying them.",Open Library,9783030343712,https://openlibrary.org/isbn/9783030343712
Digital Image Processing,,Rafael C. Gonzalez; Richard E. Woods,Computer Science; Computer Vision; Image Processing,Pearson,2017,0133356728,9780133356724,en,1168,4th Edition,4.22,4000,2,https://covers.openlibrary.org/b/isbn/9780133356724-L.jpg,"A foundational textbook on digital image processing techniques, from fundamentals to advanced methods.",Open Library,9780133356724,https://openlibrary.org/isbn/9780133356724
Probabilistic Robotics,,Sebastian Thrun; Wolfram Burgard; Dieter Fox,Computer Science; Robotics; Artificial Intelligence,MIT Press,2005,0262201623,9780262201629,en,672,1st Edition,4.31,2000,1,https://covers.openlibrary.org/b/isbn/9780262201629-L.jpg,"A comprehensive introduction to probabilistic algorithms for robot perception, localization, and mapping.",Open Library,9780262201629,https://openlibrary.org/isbn/9780262201629
Natural Language Processing with Python,Analyzing Text with the Natural Language Toolkit,Steven Bird; Ewan Klein; Edward Loper,Computer Science; Artificial Intelligence; Natural Language Processing,O'Reilly Media,2009,0596516495,9780596516499,en,504,1st Edition,4.09,3000,2,https://covers.openlibrary.org/b/isbn/9780596516499-L.jpg,A hands-on introduction to natural language processing using the Python NLTK library.,Open Library,9780596516499,https://openlibrary.org/isbn/9780596516499
Data Science from Scratch,First Principles with Python,Joel Grus,Computer Science; Data Science; Programming,O'Reilly Media,2019,1492041130,9781492041139,en,406,2nd Edition,4.03,4000,2,https://covers.openlibrary.org/b/isbn/9781492041139-L.jpg,An introduction to the fundamentals of data science by implementing core tools and algorithms from scratch.,Open Library,9781492041139,https://openlibrary.org/isbn/9781492041139
Python for Data Analysis,"Data Wrangling with Pandas, NumPy, and Jupyter",Wes McKinney,Computer Science; Data Science; Python,O'Reilly Media,2022,109810403X,9781098104030,en,579,3rd Edition,4.34,8000,2,https://covers.openlibrary.org/b/isbn/9781098104030-L.jpg,"A practical guide to data manipulation and analysis in Python, written by the creator of the pandas library.",Open Library,9781098104030,https://openlibrary.org/isbn/9781098104030
R for Data Science,"Import, Tidy, Transform, Visualize, and Model Data",Hadley Wickham; Garrett Grolemund,Computer Science; Data Science; Statistics,O'Reilly Media,2016,1491910399,9781491910399,en,520,1st Edition,4.35,5000,2,https://covers.openlibrary.org/b/isbn/9781491910399-L.jpg,"A practical, tidyverse-based introduction to importing, cleaning, visualizing, and modeling data with R.",Open Library,9781491910399,https://openlibrary.org/isbn/9781491910399
Storytelling with Data,A Data Visualization Guide for Business Professionals,Cole Nussbaumer Knaflic,Business; Data Science; Communication,Wiley,2015,1119002257,9781119002253,en,288,1st Edition,4.34,15000,2,https://covers.openlibrary.org/b/isbn/9781119002253-L.jpg,"A practical guide to creating clear, compelling data visualizations that communicate effectively.",Open Library,9781119002253,https://openlibrary.org/isbn/9781119002253
The Elements of Statistical Learning,"Data Mining, Inference, and Prediction",Trevor Hastie; Robert Tibshirani; Jerome Friedman,Computer Science; Machine Learning; Statistics,Springer,2009,0387848576,9780387848570,en,745,2nd Edition,4.4,4000,2,https://covers.openlibrary.org/b/isbn/9780387848570-L.jpg,"A rigorous, widely used graduate-level text on statistical learning methods and theory.",Open Library,9780387848570,https://openlibrary.org/isbn/9780387848570
An Introduction to Statistical Learning,With Applications in R,Gareth James; Daniela Witten; Trevor Hastie; Robert Tibshirani,Computer Science; Machine Learning; Statistics,Springer,2013,1461471370,9781461471370,en,426,1st Edition,4.44,6000,2,https://covers.openlibrary.org/b/isbn/9781461471370-L.jpg,"An accessible introduction to statistical learning methods, aimed at students without a deep math background.",Open Library,9781461471370,https://openlibrary.org/isbn/9781461471370
Bayesian Reasoning and Machine Learning,,David Barber,Computer Science; Machine Learning; Statistics,Cambridge University Press,2012,0521518148,9780521518147,en,720,1st Edition,4.2,800,1,https://covers.openlibrary.org/b/isbn/9780521518147-L.jpg,"A comprehensive introduction to Bayesian methods in machine learning, including graphical models.",Open Library,9780521518147,https://openlibrary.org/isbn/9780521518147
Grokking Algorithms,An Illustrated Guide for Programmers and Other Curious People,Aditya Y. Bhargava,Computer Science; Algorithms; Programming,Manning Publications,2016,1617292230,9781617292231,en,256,1st Edition,4.44,12000,3,https://covers.openlibrary.org/b/isbn/9781617292231-L.jpg,"A visually illustrated, beginner-friendly introduction to common algorithms and their use cases.",Open Library,9781617292231,https://openlibrary.org/isbn/9781617292231
Introduction to the Theory of Computation,,Michael Sipser,Computer Science; Theoretical Computer Science; Education,Cengage Learning,2012,113318779X,9781133187790,en,458,3rd Edition,4.24,4000,2,https://covers.openlibrary.org/b/isbn/9781133187790-L.jpg,"A rigorous but accessible introduction to automata theory, computability, and complexity theory.",Open Library,9781133187790,https://openlibrary.org/isbn/9781133187790
"Compilers: Principles, Techniques, and Tools",,Alfred V. Aho; Monica S. Lam; Ravi Sethi; Jeffrey D. Ullman,Computer Science; Compilers; Education,Pearson,2006,0321486811,9780321486813,en,1038,2nd Edition,4.16,5000,2,https://covers.openlibrary.org/b/isbn/9780321486813-L.jpg,The classic 'Dragon Book' covering the theory and practice of compiler construction.,Open Library,9780321486813,https://openlibrary.org/isbn/9780321486813
Computer Security: Principles and Practice,,William Stallings; Lawrie Brown,Computer Science; Security; Education,Pearson,2017,0134794109,9780134794105,en,944,4th Edition,4.13,2000,2,https://covers.openlibrary.org/b/isbn/9780134794105-L.jpg,"A broad survey of computer and network security principles, threats, and countermeasures.",Open Library,9780134794105,https://openlibrary.org/isbn/9780134794105
Applied Cryptography,"Protocols, Algorithms, and Source Code in C",Bruce Schneier,Computer Science; Security; Cryptography,Wiley,1996,0471117099,9780471117094,en,784,2nd Edition,4.24,7000,2,https://covers.openlibrary.org/b/isbn/9780471117094-L.jpg,"A comprehensive, practical reference to cryptographic protocols and algorithms.",Open Library,9780471117094,https://openlibrary.org/isbn/9780471117094
The Web Application Hacker's Handbook,Finding and Exploiting Security Flaws,Dafydd Stuttard; Marcus Pinto,Computer Science; Security; Web Development,Wiley,2011,1118026470,9781118026472,en,912,2nd Edition,4.37,3000,1,https://covers.openlibrary.org/b/isbn/9781118026472-L.jpg,A hands-on guide to discovering and exploiting security vulnerabilities in web applications.,Open Library,9781118026472,https://openlibrary.org/isbn/9781118026472
Hacking: The Art of Exploitation,,Jon Erickson,Computer Science; Security; Programming,No Starch Press,2008,1593271441,9781593271442,en,488,2nd Edition,4.31,10000,2,https://covers.openlibrary.org/b/isbn/9781593271442-L.jpg,"An introduction to programming, networking, and security concepts from the perspective of an exploit developer.",Open Library,9781593271442,https://openlibrary.org/isbn/9781593271442
"TCP/IP Illustrated, Volume 1",The Protocols,W. Richard Stevens; Kevin R. Fall,Computer Science; Networking; Education,Addison-Wesley,2011,0321336313,9780321336316,en,1056,2nd Edition,4.35,3000,1,https://covers.openlibrary.org/b/isbn/9780321336316-L.jpg,"A detailed, protocol-by-protocol explanation of how TCP/IP networking actually works.",Open Library,9780321336316,https://openlibrary.org/isbn/9780321336316
Linux Kernel Development,,Robert Love,Computer Science; Operating Systems; Linux,Addison-Wesley,2010,0672329468,9780672329463,en,440,3rd Edition,4.25,3000,1,https://covers.openlibrary.org/b/isbn/9780672329463-L.jpg,A practical guide to the design and implementation of the Linux kernel.,Open Library,9780672329463,https://openlibrary.org/isbn/9780672329463
The Linux Programming Interface,A Linux and UNIX System Programming Handbook,Michael Kerrisk,Computer Science; Operating Systems; Programming,No Starch Press,2010,1593272200,9781593272203,en,1552,1st Edition,4.58,3000,1,https://covers.openlibrary.org/b/isbn/9781593272203-L.jpg,"An exhaustive reference to Linux and UNIX system programming, covering the full breadth of the kernel API.",Open Library,9781593272203,https://openlibrary.org/isbn/9781593272203
Advanced Programming in the UNIX Environment,,W. Richard Stevens; Stephen A. Rago,Computer Science; Operating Systems; Programming,Addison-Wesley,2013,0321637739,9780321637734,en,960,3rd Edition,4.38,3000,1,https://covers.openlibrary.org/b/isbn/9780321637734-L.jpg,"A classic, in-depth guide to UNIX system programming interfaces and concepts.",Open Library,9780321637734,https://openlibrary.org/isbn/9780321637734
The C Programming Language,,Brian W. Kernighan; Dennis M. Ritchie,Computer Science; Programming; C,Prentice Hall,1988,0131103628,9780131103627,en,272,2nd Edition,4.32,45000,2,https://covers.openlibrary.org/b/isbn/9780131103627-L.jpg,"The classic, concise reference to the C programming language, written by its creators.",Open Library,9780131103627,https://openlibrary.org/isbn/9780131103627
Effective C++,55 Specific Ways to Improve Your Programs and Designs,Scott Meyers,Computer Science; Programming; C++,Addison-Wesley,2005,0321334876,9780321334879,en,320,3rd Edition,4.32,7000,2,https://covers.openlibrary.org/b/isbn/9780321334879-L.jpg,"Practical guidelines and idioms for writing more effective, efficient C++ code.",Open Library,9780321334879,https://openlibrary.org/isbn/9780321334879
C++ Primer,,Stanley B. Lippman; Josee Lajoie; Barbara E. Moo,Computer Science; Programming; C++,Addison-Wesley,2012,0321714113,9780321714114,en,976,5th Edition,4.29,5000,2,https://covers.openlibrary.org/b/isbn/9780321714114-L.jpg,A comprehensive introduction to the C++ language for both new and experienced programmers.,Open Library,9780321714114,https://openlibrary.org/isbn/9780321714114
JavaScript: The Good Parts,,Douglas Crockford,Computer Science; Programming; JavaScript,O'Reilly Media,2008,0596517742,9780596517748,en,176,1st Edition,4.11,20000,2,https://covers.openlibrary.org/b/isbn/9780596517748-L.jpg,"A focused look at the best features of JavaScript, distilling the language down to its most reliable parts.",Open Library,9780596517748,https://openlibrary.org/isbn/9780596517748
HTML and CSS: Design and Build Websites,,Jon Duckett,Computer Science; Web Development; Design,Wiley,2011,1118008189,9781118008188,en,490,1st Edition,4.48,12000,2,https://covers.openlibrary.org/b/isbn/9781118008188-L.jpg,"A visually engaging, beginner-friendly guide to building websites with HTML and CSS.",Open Library,9781118008188,https://openlibrary.org/isbn/9781118008188
Learning React,Modern Patterns for Developing React Apps,Alex Banks; Eve Porcello,Computer Science; Web Development; JavaScript,O'Reilly Media,2020,1492051718,9781492051715,en,320,2nd Edition,4.1,3000,2,https://covers.openlibrary.org/b/isbn/9781492051715-L.jpg,"A practical, up-to-date guide to building modern web applications with React.",Open Library,9781492051715,https://openlibrary.org/isbn/9781492051715
Node.js Design Patterns,,Mario Casciaro; Luciano Mammino,Computer Science; Web Development; JavaScript,Packt Publishing,2020,1839214112,9781839214110,en,664,3rd Edition,4.4,1500,1,https://covers.openlibrary.org/b/isbn/9781839214110-L.jpg,Design patterns and best practices for building scalable server-side applications with Node.js.,Open Library,9781839214110,https://openlibrary.org/isbn/9781839214110
Kubernetes: Up and Running,Dive into the Future of Infrastructure,Brendan Burns; Joe Beda; Kelsey Hightower,Computer Science; DevOps; Cloud Computing,O'Reilly Media,2019,1492046531,9781492046530,en,277,2nd Edition,4.24,4000,2,https://covers.openlibrary.org/b/isbn/9781492046530-L.jpg,A practical guide to deploying and managing containerized applications with Kubernetes.,Open Library,9781492046530,https://openlibrary.org/isbn/9781492046530
Docker Deep Dive,,Nigel Poulton,Computer Science; DevOps; Cloud Computing,Independently Published,2020,1521822808,9781521822807,en,384,2020 Edition,4.35,3000,1,https://covers.openlibrary.org/b/isbn/9781521822807-L.jpg,"A practical, hands-on guide to understanding and using Docker containers.",Open Library,9781521822807,https://openlibrary.org/isbn/9781521822807
Building Microservices,Designing Fine-Grained Systems,Sam Newman,Computer Science; Software Engineering; DevOps,O'Reilly Media,2021,1492034029,9781492034025,en,610,2nd Edition,4.24,7000,2,https://covers.openlibrary.org/b/isbn/9781492034025-L.jpg,"Practical guidance on designing, building, and maintaining microservice-based systems.",Open Library,9781492034025,https://openlibrary.org/isbn/9781492034025
Soft Skills: The Software Developer's Life Manual,,John Sonmez,Computer Science; Career; Personal Development,Manning Publications,2014,1617292397,9781617292392,en,504,1st Edition,4.15,6000,2,https://covers.openlibrary.org/b/isbn/9781617292392-L.jpg,"Career, productivity, and life advice for software developers beyond the code itself.",Open Library,9781617292392,https://openlibrary.org/isbn/9781617292392
Peopleware,Productive Projects and Teams,Tom DeMarco; Timothy Lister,Computer Science; Software Engineering; Management,Addison-Wesley,2013,0321934113,9780321934116,en,264,3rd Edition,4.16,10000,2,https://covers.openlibrary.org/b/isbn/9780321934116-L.jpg,"A classic on the human side of software projects, arguing that team dynamics matter more than technology.",Open Library,9780321934116,https://openlibrary.org/isbn/9780321934116
Extreme Programming Explained,Embrace Change,Kent Beck; Cynthia Andres,Computer Science; Software Engineering; Agile,Addison-Wesley,2004,0321278658,9780321278654,en,224,2nd Edition,4.05,6000,1,https://covers.openlibrary.org/b/isbn/9780321278654-L.jpg,"An introduction to Extreme Programming, an agile methodology emphasizing simplicity, feedback, and courage.",Open Library,9780321278654,https://openlibrary.org/isbn/9780321278654
Agile Software Development,"Principles, Patterns, and Practices",Robert C. Martin,Computer Science; Software Engineering; Agile,Prentice Hall,2002,0135974445,9780135974445,en,552,1st Edition,4.18,9000,1,https://covers.openlibrary.org/b/isbn/9780135974445-L.jpg,An exploration of agile principles and object-oriented design patterns through worked case studies.,Open Library,9780135974445,https://openlibrary.org/isbn/9780135974445
Test-Driven Development,By Example,Kent Beck,Computer Science; Software Engineering; Testing,Addison-Wesley,2002,0321146530,9780321146533,en,240,1st Edition,4.13,7000,2,https://covers.openlibrary.org/b/isbn/9780321146533-L.jpg,"A practical, example-driven introduction to writing tests before code.",Open Library,9780321146533,https://openlibrary.org/isbn/9780321146533
Programming Pearls,,Jon Bentley,Computer Science; Algorithms; Programming,Addison-Wesley,1999,0201657880,9780201657883,en,256,2nd Edition,4.31,7000,1,https://covers.openlibrary.org/b/isbn/9780201657883-L.jpg,Classic essays on practical techniques for solving programming problems efficiently.,Open Library,9780201657883,https://openlibrary.org/isbn/9780201657883
"The Art of Computer Programming, Volume 1",Fundamental Algorithms,Donald E. Knuth,Computer Science; Algorithms; Mathematics,Addison-Wesley,1997,0201896834,9780201896831,en,672,3rd Edition,4.44,7000,1,https://covers.openlibrary.org/b/isbn/9780201896831-L.jpg,"The first volume of Knuth's monumental, rigorous treatment of fundamental algorithms.",Open Library,9780201896831,https://openlibrary.org/isbn/9780201896831
Algorithms,,Robert Sedgewick; Kevin Wayne,Computer Science; Algorithms; Education,Addison-Wesley,2011,032157351X,9780321573513,en,976,4th Edition,4.31,4000,2,https://covers.openlibrary.org/b/isbn/9780321573513-L.jpg,"A comprehensive, practical introduction to algorithms and data structures with Java implementations.",Open Library,9780321573513,https://openlibrary.org/isbn/9780321573513
Discrete Mathematics and Its Applications,,Kenneth H. Rosen,Mathematics; Computer Science; Education,McGraw-Hill,2018,1259676874,9781259676512,en,1120,8th Edition,4.06,5000,2,https://covers.openlibrary.org/b/isbn/9781259676512-L.jpg,A comprehensive textbook covering the discrete mathematics foundations of computer science.,Open Library,9781259676512,https://openlibrary.org/isbn/9781259676512
Linear Algebra and Its Applications,,David C. Lay; Steven R. Lay; Judi J. McDonald,Mathematics; Education,Pearson,2015,0321982384,9780321982384,en,576,5th Edition,4.05,4000,2,https://covers.openlibrary.org/b/isbn/9780321982384-L.jpg,A widely used introductory textbook on linear algebra with real-world applications.,Open Library,9780321982384,https://openlibrary.org/isbn/9780321982384
Calculus,Early Transcendentals,James Stewart,Mathematics; Education,Cengage Learning,2015,1285741552,9781285741550,en,1368,8th Edition,4.05,5000,2,https://covers.openlibrary.org/b/isbn/9781285741550-L.jpg,"A comprehensive, widely adopted calculus textbook for undergraduate students.",Open Library,9781285741550,https://openlibrary.org/isbn/9781285741550
Introduction to Probability,,Dimitri P. Bertsekas; John N. Tsitsiklis,Mathematics; Statistics; Education,Athena Scientific,2008,188652923X,9781886529236,en,544,2nd Edition,4.4,2000,1,https://covers.openlibrary.org/b/isbn/9781886529236-L.jpg,A rigorous yet accessible introduction to probability theory and its applications.,Open Library,9781886529236,https://openlibrary.org/isbn/9781886529236
Statistics,,David Freedman; Robert Pisani; Roger Purves,Statistics; Mathematics; Education,W. W. Norton & Company,2007,0393929728,9780393929720,en,576,4th Edition,4.13,3000,1,https://covers.openlibrary.org/b/isbn/9780393929720-L.jpg,A widely respected introductory statistics textbook emphasizing conceptual understanding.,Open Library,9780393929720,https://openlibrary.org/isbn/9780393929720
A Brief History of Time,From the Big Bang to Black Holes,Stephen Hawking,Science; Physics; Popular Science,Bantam Books,1998,0553380168,9780553380163,en,212,Updated Edition,4.19,900000,3,https://covers.openlibrary.org/b/isbn/9780553380163-L.jpg,"A landmark popular science book explaining cosmology, black holes, and the nature of time for a general audience.",Open Library,9780553380163,https://openlibrary.org/isbn/9780553380163
Sapiens,A Brief History of Humankind,Yuval Noah Harari,History; Anthropology; Popular Science,Harper,2015,0062316095,9780062316097,en,443,1st Edition,4.37,1500000,3,https://covers.openlibrary.org/b/isbn/9780062316097-L.jpg,"A sweeping look at how Homo sapiens came to dominate the world, from the cognitive revolution to the present.",Open Library,9780062316097,https://openlibrary.org/isbn/9780062316097
Cosmos,,Carl Sagan,Science; Astronomy; Popular Science,Ballantine Books,2013,0345539435,9780345539434,en,384,Reissue Edition,4.34,150000,2,https://covers.openlibrary.org/b/isbn/9780345539434-L.jpg,"A classic exploration of the universe, science, and humanity's place within it.",Open Library,9780345539434,https://openlibrary.org/isbn/9780345539434
The Selfish Gene,,Richard Dawkins,Science; Biology; Popular Science,Oxford University Press,2016,0198788606,9780198788607,en,496,40th Anniversary Edition,4.14,150000,2,https://covers.openlibrary.org/b/isbn/9780198788607-L.jpg,An influential book presenting evolution from the perspective of the gene as the unit of natural selection.,Open Library,9780198788607,https://openlibrary.org/isbn/9780198788607
"Thinking, Fast and Slow",,Daniel Kahneman,Psychology; Behavioral Economics; Popular Science,"Farrar, Straus and Giroux",2011,0374275637,9780374275631,en,499,1st Edition,4.19,700000,3,https://covers.openlibrary.org/b/isbn/9780374275631-L.jpg,"An exploration of the two systems that drive human thought, and the biases that shape our decisions.",Open Library,9780374275631,https://openlibrary.org/isbn/9780374275631
Homo Deus,A Brief History of Tomorrow,Yuval Noah Harari,History; Futurism; Popular Science,Harper,2017,006246432X,9780062464316,en,449,1st Edition,4.21,400000,2,https://covers.openlibrary.org/b/isbn/9780062464316-L.jpg,"A look at the possible futures of humanity, exploring technology, consciousness, and the pursuit of immortality.",Open Library,9780062464316,https://openlibrary.org/isbn/9780062464316
"Guns, Germs, and Steel",The Fates of Human Societies,Jared Diamond,History; Anthropology; Popular Science,W. W. Norton & Company,1997,0393317552,9780393317558,en,480,1st Edition,4.03,350000,2,https://covers.openlibrary.org/b/isbn/9780393317558-L.jpg,"An examination of why some societies developed technology and power faster than others, rooted in geography and environment.",Open Library,9780393317558,https://openlibrary.org/isbn/9780393317558
The Innovators,"How a Group of Hackers, Geniuses, and Geeks Created the Digital Revolution",Walter Isaacson,History; Technology; Biography,Simon & Schuster,2014,1476708703,9781476708706,en,542,1st Edition,4.24,45000,2,https://covers.openlibrary.org/b/isbn/9781476708706-L.jpg,A history of the computer and internet revolution told through the innovators who built it.,Open Library,9781476708706,https://openlibrary.org/isbn/9781476708706
Steve Jobs,,Walter Isaacson,Biography; Technology; Business,Simon & Schuster,2011,1451648537,9781451648539,en,656,1st Edition,4.19,300000,2,https://covers.openlibrary.org/b/isbn/9781451648539-L.jpg,"The authorized biography of Apple co-founder Steve Jobs, based on extensive interviews.",Open Library,9781451648539,https://openlibrary.org/isbn/9781451648539
Elon Musk,,Walter Isaacson,Biography; Technology; Business,Simon & Schuster,2023,1982181281,9781982181284,en,688,1st Edition,4.15,150000,2,https://covers.openlibrary.org/b/isbn/9781982181284-L.jpg,"A biography of Elon Musk covering his companies, ambitions, and controversies, based on years of access.",Open Library,9781982181284,https://openlibrary.org/isbn/9781982181284
Atomic Habits,An Easy and Proven Way to Build Good Habits and Break Bad Ones,James Clear,Self-Help; Personal Development; Psychology,Avery,2018,0735211299,9780735211292,en,320,1st Edition,4.37,1200000,3,https://covers.openlibrary.org/b/isbn/9780735211292-L.jpg,"A practical framework for building good habits and breaking bad ones through small, incremental changes.",Open Library,9780735211292,https://openlibrary.org/isbn/9780735211292
Deep Work,Rules for Focused Success in a Distracted World,Cal Newport,Self-Help; Personal Development; Business,Grand Central Publishing,2016,1455586692,9781455586691,en,304,1st Edition,4.19,200000,2,https://covers.openlibrary.org/b/isbn/9781455586691-L.jpg,"An argument for the value of focused, undistracted work in an increasingly distracted world, with practical rules.",Open Library,9781455586691,https://openlibrary.org/isbn/9781455586691
The Lean Startup,How Today's Entrepreneurs Use Continuous Innovation to Create Radically Successful Businesses,Eric Ries,Business; Entrepreneurship; Technology,Crown Business,2011,0307887898,9780307887894,en,336,1st Edition,4.11,250000,2,https://covers.openlibrary.org/b/isbn/9780307887894-L.jpg,"A methodology for building startups through validated learning, rapid experimentation, and iterative product releases.",Open Library,9780307887894,https://openlibrary.org/isbn/9780307887894
Zero to One,"Notes on Startups, or How to Build the Future",Peter Thiel; Blake Masters,Business; Entrepreneurship; Technology,Crown Business,2014,0804139296,9780804139298,en,224,1st Edition,4.18,300000,2,https://covers.openlibrary.org/b/isbn/9780804139298-L.jpg,"A contrarian take on innovation and building companies that create new, monopolistic value.",Open Library,9780804139298,https://openlibrary.org/isbn/9780804139298
Good to Great,Why Some Companies Make the Leap... and Others Don't,Jim Collins,Business; Management; Leadership,HarperBusiness,2001,0066620996,9780066620992,en,320,1st Edition,4.12,180000,2,https://covers.openlibrary.org/b/isbn/9780066620992-L.jpg,A research-based study of what separates companies that achieve sustained great performance from those that don't.,Open Library,9780066620992,https://openlibrary.org/isbn/9780066620992
The 7 Habits of Highly Effective People,Powerful Lessons in Personal Change,Stephen R. Covey,Self-Help; Personal Development; Business,Free Press,2004,0743269519,9780743269513,en,381,15th Anniversary Edition,4.13,500000,3,https://covers.openlibrary.org/b/isbn/9780743269513-L.jpg,"A framework of seven habits for personal and professional effectiveness, grounded in principle-centered living.",Open Library,9780743269513,https://openlibrary.org/isbn/9780743269513
How to Win Friends and Influence People,,Dale Carnegie,Self-Help; Personal Development; Communication,Simon & Schuster,2009,0671027034,9780671027032,en,291,Revised Edition,4.2,700000,3,https://covers.openlibrary.org/b/isbn/9780671027032-L.jpg,A classic guide to building relationships and influencing others through empathy and communication.,Open Library,9780671027032,https://openlibrary.org/isbn/9780671027032
1984,,George Orwell,Fiction; Dystopian; Classic Literature,Signet Classics,1961,0451524934,9780451524935,en,328,Reissue Edition,4.19,4500000,3,https://covers.openlibrary.org/b/isbn/9780451524935-L.jpg,A dystopian novel depicting a totalitarian surveillance state and one man's struggle against it.,Open Library,9780451524935,https://openlibrary.org/isbn/9780451524935
Brave New World,,Aldous Huxley,Fiction; Dystopian; Classic Literature,Harper Perennial,2006,0060850523,9780060850524,en,311,Reissue Edition,4.0,1800000,2,https://covers.openlibrary.org/b/isbn/9780060850524-L.jpg,A dystopian vision of a future society engineered for stability through genetic engineering and conditioning.,Open Library,9780060850524,https://openlibrary.org/isbn/9780060850524
To Kill a Mockingbird,,Harper Lee,Fiction; Classic Literature; Drama,Harper Perennial,2006,0060935464,9780060935467,en,336,Reissue Edition,4.27,5000000,3,https://covers.openlibrary.org/b/isbn/9780060935467-L.jpg,"A novel exploring racial injustice and moral growth in a small Southern town, told through a child's eyes.",Open Library,9780060935467,https://openlibrary.org/isbn/9780060935467
Pride and Prejudice,,Jane Austen,Fiction; Classic Literature; Romance,Penguin Classics,2002,0141439513,9780141439518,en,435,Reprint Edition,4.28,3500000,2,https://covers.openlibrary.org/b/isbn/9780141439518-L.jpg,A classic novel of manners following Elizabeth Bennet as she navigates courtship and social expectation in Regency England.,Open Library,9780141439518,https://openlibrary.org/isbn/9780141439518
The Great Gatsby,,F. Scott Fitzgerald,Fiction; Classic Literature; Drama,Scribner,2004,0743273567,9780743273565,en,180,Reissue Edition,3.93,4500000,3,https://covers.openlibrary.org/b/isbn/9780743273565-L.jpg,"A novel of wealth, love, and disillusionment in Jazz Age America, narrated through the mysterious Jay Gatsby.",Open Library,9780743273565,https://openlibrary.org/isbn/9780743273565
Crime and Punishment,,Fyodor Dostoevsky,Fiction; Classic Literature; Philosophy,Vintage Classics,1993,0679734503,9780679734505,en,560,Reprint Edition,4.26,900000,2,https://covers.openlibrary.org/b/isbn/9780679734505-L.jpg,A psychological novel following a poor former student who commits murder and grapples with guilt and redemption.,Open Library,9780679734505,https://openlibrary.org/isbn/9780679734505
One Hundred Years of Solitude,,Gabriel Garcia Marquez,Fiction; Magical Realism; Classic Literature,Harper Perennial,2006,0060883286,9780060883287,en,417,Reissue Edition,4.11,900000,2,https://covers.openlibrary.org/b/isbn/9780060883287-L.jpg,"A multigenerational saga of the Buendia family in the fictional town of Macondo, blending myth and history.",Open Library,9780060883287,https://openlibrary.org/isbn/9780060883287
The Alchemist,,Paulo Coelho,Fiction; Philosophy; Adventure,HarperOne,2014,0062315005,9780062315007,en,208,25th Anniversary Edition,3.9,2500000,3,https://covers.openlibrary.org/b/isbn/9780062315007-L.jpg,An allegorical novel about a shepherd's journey to fulfill his personal legend.,Open Library,9780062315007,https://openlibrary.org/isbn/9780062315007
Harry Potter and the Sorcerer's Stone,,J.K. Rowling,Fiction; Fantasy; Young Adult,Scholastic,1998,0590353403,9780590353427,en,309,1st American Edition,4.47,9000000,3,https://covers.openlibrary.org/b/isbn/9780590353427-L.jpg,"The first novel in the Harry Potter series, introducing a young boy who discovers he is a wizard.",Open Library,9780590353427,https://openlibrary.org/isbn/9780590353427
The Hobbit,,J.R.R. Tolkien,Fiction; Fantasy; Adventure,Houghton Mifflin,1997,0395071760,9780395071229,en,310,Reissue Edition,4.28,3500000,3,https://covers.openlibrary.org/b/isbn/9780395071229-L.jpg,A fantasy adventure following Bilbo Baggins on an unexpected journey with dwarves and a dragon.,Open Library,9780395071229,https://openlibrary.org/isbn/9780395071229
Fahrenheit 451,,Ray Bradbury,Fiction; Dystopian; Classic Literature,Simon & Schuster,2012,1451673310,9781451673319,en,249,Reissue Edition,3.98,2200000,2,https://covers.openlibrary.org/b/isbn/9781451673319-L.jpg,"A dystopian novel about a fireman whose job is to burn books, set in a future that suppresses independent thought.",Open Library,9781451673319,https://openlibrary.org/isbn/9781451673319
Animal Farm,,George Orwell,Fiction; Satire; Classic Literature,Signet Classics,1996,0451526341,9780451526342,en,141,Reissue Edition,3.98,3500000,2,https://covers.openlibrary.org/b/isbn/9780451526342-L.jpg,An allegorical satire of totalitarianism told through a farm whose animals overthrow their human owner.,Open Library,9780451526342,https://openlibrary.org/isbn/9780451526342
The Catcher in the Rye,,J.D. Salinger,Fiction; Classic Literature; Coming-of-Age,"Little, Brown and Company",1991,0316769487,9780316769488,en,277,Reissue Edition,3.81,2900000,2,https://covers.openlibrary.org/b/isbn/9780316769488-L.jpg,A novel following disaffected teenager Holden Caulfield over a few days in New York City.,Open Library,9780316769488,https://openlibrary.org/isbn/9780316769488
Introduction to Machine Learning with Python,A Guide for Data Scientists,Andreas C. Muller; Sarah Guido,Computer Science; Machine Learning; Python,O'Reilly Media,2016,1449369413,9781449369415,en,392,1st Edition,4.13,3000,2,https://covers.openlibrary.org/b/isbn/9781449369415-L.jpg,A practical guide to building machine learning solutions in Python using scikit-learn.,Open Library,9781449369415,https://openlibrary.org/isbn/9781449369415
Neural Networks and Deep Learning,A Textbook,Charu C. Aggarwal,Computer Science; Machine Learning; Artificial Intelligence,Springer,2018,3319944622,9783319944623,en,512,2nd Edition,4.15,600,1,https://covers.openlibrary.org/b/isbn/9783319944623-L.jpg,A comprehensive textbook covering the theory and applications of neural networks and deep learning.,Open Library,9783319944623,https://openlibrary.org/isbn/9783319944623
Grokking Deep Learning,,Andrew W. Trask,Computer Science; Machine Learning; Artificial Intelligence,Manning Publications,2019,1617293709,9781617293702,en,336,1st Edition,4.38,2500,1,https://covers.openlibrary.org/b/isbn/9781617293702-L.jpg,"A hands-on, from-scratch introduction to the mechanics behind deep learning, building neural networks with basic Python.",Open Library,9781617293702,https://openlibrary.org/isbn/9781617293702
Programming Computer Vision with Python,Tools and Algorithms for Analyzing Images,Jan Erik Solem,Computer Science; Computer Vision; Python,O'Reilly Media,2012,1449316549,9781449316549,en,264,1st Edition,3.95,900,1,https://covers.openlibrary.org/b/isbn/9781449316549-L.jpg,A hands-on introduction to computer vision techniques and algorithms using Python.,Open Library,9781449316549,https://openlibrary.org/isbn/9781449316549
Learning OpenCV,Computer Vision with the OpenCV Library,Gary Bradski; Adrian Kaehler,Computer Science; Computer Vision; Programming,O'Reilly Media,2008,0596516134,9780596516130,en,580,1st Edition,4.03,1500,1,https://covers.openlibrary.org/b/isbn/9780596516130-L.jpg,A practical guide to computer vision programming using the open-source OpenCV library.,Open Library,9780596516130,https://openlibrary.org/isbn/9780596516130
Grokking Artificial Intelligence Algorithms,,Rishal Hurbans,Computer Science; Artificial Intelligence; Algorithms,Manning Publications,2020,1617295450,9781617295454,en,344,1st Edition,4.12,600,1,https://covers.openlibrary.org/b/isbn/9781617295454-L.jpg,"A visually driven, beginner-friendly introduction to classic AI algorithms and their applications.",Open Library,9781617295454,https://openlibrary.org/isbn/9781617295454
Mathematics for Machine Learning,,Marc Peter Deisenroth; A. Aldo Faisal; Cheng Soon Ong,Computer Science; Machine Learning; Mathematics,Cambridge University Press,2020,110845514X,9781108455145,en,398,1st Edition,4.42,1200,1,https://covers.openlibrary.org/b/isbn/9781108455145-L.jpg,"An accessible introduction to the mathematical foundations - linear algebra, calculus, and probability - needed for machine learning.",Open Library,9781108455145,https://openlibrary.org/isbn/9781108455145
Building Machine Learning Powered Applications,Going from Idea to Product,Emmanuel Ameisen,Computer Science; Machine Learning; Software Engineering,O'Reilly Media,2020,149204511X,9781492045113,en,250,1st Edition,4.15,800,1,https://covers.openlibrary.org/b/isbn/9781492045113-L.jpg,"A practical guide to designing, building, and deploying real-world machine learning products.",Open Library,9781492045113,https://openlibrary.org/isbn/9781492045113
Practical Deep Learning for Coders,With fastai and PyTorch,Jeremy Howard; Sylvain Gugger,Computer Science; Machine Learning; Artificial Intelligence,O'Reilly Media,2020,1492045527,9781492045526,en,624,1st Edition,4.5,1500,2,https://covers.openlibrary.org/b/isbn/9781492045526-L.jpg,"A practical, code-first introduction to deep learning using the fastai library and PyTorch.",Open Library,9781492045526,https://openlibrary.org/isbn/9781492045526
Approaching (Almost) Any Machine Learning Problem,,Abhishek Thakur,Computer Science; Machine Learning; Data Science,Independently Published,2020,8269211508,9788269211508,en,300,1st Edition,4.5,900,1,https://covers.openlibrary.org/b/isbn/9788269211508-L.jpg,A practical playbook for tackling machine learning competitions and real-world modeling problems.,Open Library,9788269211508,https://openlibrary.org/isbn/9788269211508
Weapons of Math Destruction,How Big Data Increases Inequality and Threatens Democracy,Cathy O'Neil,Computer Science; Data Science; Society,Crown,2016,0553418815,9780553418811,en,259,1st Edition,4.21,45000,2,https://covers.openlibrary.org/b/isbn/9780553418811-L.jpg,An examination of how opaque algorithms can reinforce inequality and cause societal harm.,Open Library,9780553418811,https://openlibrary.org/isbn/9780553418811
The Master Algorithm,How the Quest for the Ultimate Learning Machine Will Remake Our World,Pedro Domingos,Computer Science; Machine Learning; Artificial Intelligence,Basic Books,2015,0465065708,9780465065707,en,352,1st Edition,3.98,10000,1,https://covers.openlibrary.org/b/isbn/9780465065707-L.jpg,"A tour of the five major schools of machine learning and the quest for a single, universal learning algorithm.",Open Library,9780465065707,https://openlibrary.org/isbn/9780465065707
Life 3.0,Being Human in the Age of Artificial Intelligence,Max Tegmark,Science; Artificial Intelligence; Philosophy,Knopf,2017,1101946598,9781101946596,en,384,1st Edition,4.29,40000,2,https://covers.openlibrary.org/b/isbn/9781101946596-L.jpg,"An exploration of how advanced artificial intelligence could reshape society, work, and the future of life itself.",Open Library,9781101946596,https://openlibrary.org/isbn/9781101946596
Superintelligence,"Paths, Dangers, Strategies",Nick Bostrom,Science; Artificial Intelligence; Philosophy,Oxford University Press,2014,0199678111,9780199678112,en,352,1st Edition,3.96,60000,2,https://covers.openlibrary.org/b/isbn/9780199678112-L.jpg,An analysis of the risks and strategic considerations posed by the possible emergence of superintelligent AI.,Open Library,9780199678112,https://openlibrary.org/isbn/9780199678112
Prediction Machines,The Simple Economics of Artificial Intelligence,Ajay Agrawal; Joshua Gans; Avi Goldfarb,Business; Artificial Intelligence; Economics,Harvard Business Review Press,2018,1633695670,9781633695672,en,272,1st Edition,4.02,8000,1,https://covers.openlibrary.org/b/isbn/9781633695672-L.jpg,"An economic framework for understanding how AI, as a prediction technology, will transform business strategy.",Open Library,9781633695672,https://openlibrary.org/isbn/9781633695672
Competitive Programming 4,,Steven Halim; Felix Halim,Computer Science; Algorithms; Competitive Programming,Lulu.com,2020,9814845651,9789814845651,en,614,4th Edition,4.5,600,1,https://covers.openlibrary.org/b/isbn/9789814845651-L.jpg,A comprehensive guide to algorithmic problem-solving techniques for competitive programming contests.,Open Library,9789814845651,https://openlibrary.org/isbn/9789814845651
The Algorithm Design Manual,,Steven S. Skiena,Computer Science; Algorithms; Programming,Springer,2020,3030542556,9783030542559,en,797,3rd Edition,4.35,3000,2,https://covers.openlibrary.org/b/isbn/9783030542559-L.jpg,"A practical, war-story-driven guide to designing algorithms and choosing the right technique for real problems.",Open Library,9783030542559,https://openlibrary.org/isbn/9783030542559
Elements of Programming Interviews in Python,The Insiders' Guide,Adnan Aziz; Tsung-Hsien Lee; Amit Prakash,Computer Science; Programming; Career,CreateSpace,2016,1479274836,9781479274833,en,545,1st Edition,4.28,2000,1,https://covers.openlibrary.org/b/isbn/9781479274833-L.jpg,A collection of programming interview problems with detailed Python solutions and problem-solving strategies.,Open Library,9781479274833,https://openlibrary.org/isbn/9781479274833
System Design Interview,An Insider's Guide,Alex Xu,Computer Science; Software Engineering; Career,Independently Published,2020,1736049119,9781736049112,en,280,Volume 1,4.49,10000,2,https://covers.openlibrary.org/b/isbn/9781736049112-L.jpg,"A guide to approaching system design interviews, covering scalability patterns and case studies of real systems.",Open Library,9781736049112,https://openlibrary.org/isbn/9781736049112
Networking All-in-One For Dummies,,Doug Lowe,Computer Science; Networking; Education,For Dummies,2018,1119471632,9781119471639,en,912,7th Edition,3.9,500,1,https://covers.openlibrary.org/b/isbn/9781119471639-L.jpg,"A broad, beginner-friendly reference covering networking fundamentals, hardware, and administration.",Open Library,9781119471639,https://openlibrary.org/isbn/9781119471639
The Innovator's Dilemma,When New Technologies Cause Great Firms to Fail,Clayton M. Christensen,Business; Technology; Management,Harvard Business Review Press,1997,0875845851,9780875845852,en,286,1st Edition,4.11,60000,1,https://covers.openlibrary.org/b/isbn/9780875845852-L.jpg,"An analysis of why successful companies fail to adapt to disruptive innovation, and how to manage around it.",Open Library,9780875845852,https://openlibrary.org/isbn/9780875845852
Man's Search for Meaning,,Viktor E. Frankl,Psychology; Memoir; Philosophy,Beacon Press,2006,080701429X,9780807014295,en,165,Reprint Edition,4.37,700000,2,https://covers.openlibrary.org/b/isbn/9780807014295-L.jpg,A psychiatrist's memoir of survival in Nazi concentration camps and his theory of finding meaning through suffering.,Open Library,9780807014295,https://openlibrary.org/isbn/9780807014295
Educated,A Memoir,Tara Westover,Memoir; Biography; Education,Random House,2018,0399590501,9780399590504,en,334,1st Edition,4.47,900000,2,https://covers.openlibrary.org/b/isbn/9780399590504-L.jpg,A memoir of growing up in a survivalist family in rural Idaho and the author's journey to formal education.,Open Library,9780399590504,https://openlibrary.org/isbn/9780399590504
The Innovators Behind Leonardo,,Plinio Innocenzi,History; Science; Biography,Springer,2019,3030018400,9783030018405,en,250,1st Edition,4.0,50,1,https://covers.openlibrary.org/b/isbn/9783030018405-L.jpg,An exploration of the scientific and technical context behind Leonardo da Vinci's inventions and studies.,Open Library,9783030018405,https://openlibrary.org/isbn/9783030018405
Where the Crawdads Sing,,Delia Owens,Fiction; Mystery; Drama,G.P. Putnam's Sons,2018,0735219095,9780735219090,en,384,1st Edition,4.36,2000000,2,https://covers.openlibrary.org/b/isbn/9780735219090-L.jpg,"A novel blending coming-of-age drama and murder mystery, set in the marshes of North Carolina.",Open Library,9780735219090,https://openlibrary.org/isbn/9780735219090
